<?xml version='1.0' encoding='UTF-8'?>
<project name="com.tibco.bpm.auth.api.feature" 
         default="assemble" 
         basedir="." >

    <target name="-make-output-directories" >
        <mkdir dir="C:\Users\Sushant.Sirsikar\tibco-build\candidates\BPM\Authentication\com.tibco.bpm.auth.api.feature\2025-01-24-1128.Sushant\debug\features" />
        <mkdir dir="C:\Users\Sushant.Sirsikar\tibco-build\candidates\BPM\Authentication\com.tibco.bpm.auth.api.feature\2025-01-24-1128.Sushant\debug\plugins" />
        <echo append="false" 
              file="C:\Users\Sushant.Sirsikar\tibco-build\candidates\BPM\Authentication\com.tibco.bpm.auth.api.feature\2025-01-24-1128.Sushant\debug\.eclipseextension" />
        <mkdir dir="C:\Users\Sushant.Sirsikar\tibco-build\candidates\BPM\Authentication\com.tibco.bpm.auth.api.feature\2025-01-24-1128.Sushant\release\eclipse\features" />
        <mkdir dir="C:\Users\Sushant.Sirsikar\tibco-build\candidates\BPM\Authentication\com.tibco.bpm.auth.api.feature\2025-01-24-1128.Sushant\release\eclipse\plugins" />
        <echo file="C:\Users\Sushant.Sirsikar\tibco-build\candidates\BPM\Authentication\com.tibco.bpm.auth.api.feature\2025-01-24-1128.Sushant\release\eclipse\.eclipseextension" 
              append="false" />
        <mkdir dir="C:\Users\Sushant.Sirsikar\tibco-build\candidates\BPM\Authentication\com.tibco.bpm.auth.api.feature\2025-01-24-1128.Sushant\jar\debug\features" />
        <mkdir dir="C:\Users\Sushant.Sirsikar\tibco-build\candidates\BPM\Authentication\com.tibco.bpm.auth.api.feature\2025-01-24-1128.Sushant\jar\debug\plugins" />
        <mkdir dir="C:\Users\Sushant.Sirsikar\tibco-build\candidates\BPM\Authentication\com.tibco.bpm.auth.api.feature\2025-01-24-1128.Sushant\jar\release\features" />
        <mkdir dir="C:\Users\Sushant.Sirsikar\tibco-build\candidates\BPM\Authentication\com.tibco.bpm.auth.api.feature\2025-01-24-1128.Sushant\jar\release\plugins" />
    </target>

    <target name="-assemble-features-*_*_*" >
        <ant antfile="build.xml" 
             dir="features\com.tibco.bpm.auth.api.feature" 
             target="gather.bin.parts" >
            <property location="C:\Users\Sushant.Sirsikar\tibco-build\candidates\BPM\Authentication\com.tibco.bpm.auth.api.feature\2025-01-24-1128.Sushant\debug" 
                      name="feature.base" />
            <property name="os" 
                      value="*" />
            <property name="arch" 
                      value="*" />
            <property name="ws" 
                      value="*" />
        </ant>
        <zip destfile="C:\Users\Sushant.Sirsikar\tibco-build\candidates\BPM\Authentication\com.tibco.bpm.auth.api.feature\2025-01-24-1128.Sushant\jar\debug\features\com.tibco.bpm.auth.api.feature_1.1.0.DEV-2025-01-24-1128-Sushant.jar" 
             basedir="C:\Users\Sushant.Sirsikar\tibco-build\candidates\BPM\Authentication\com.tibco.bpm.auth.api.feature\2025-01-24-1128.Sushant\debug\features\com.tibco.bpm.auth.api.feature_1.1.0.DEV-2025-01-24-1128-Sushant" />
    </target>

    <target name="-copy-and-zip-feature" 
            unless="express-build" >
        <copy todir="C:\Users\Sushant.Sirsikar\tibco-build\candidates\BPM\Authentication\com.tibco.bpm.auth.api.feature\2025-01-24-1128.Sushant\release\eclipse\features\com.tibco.bpm.auth.api.feature_1.1.0.DEV-2025-01-24-1128-Sushant" >
            <fileset dir="C:\Users\Sushant.Sirsikar\tibco-build\candidates\BPM\Authentication\com.tibco.bpm.auth.api.feature\2025-01-24-1128.Sushant\debug\features\com.tibco.bpm.auth.api.feature_1.1.0.DEV-2025-01-24-1128-Sushant" />
        </copy>
        <zip destfile="C:\Users\Sushant.Sirsikar\tibco-build\candidates\BPM\Authentication\com.tibco.bpm.auth.api.feature\2025-01-24-1128.Sushant\jar\release\features\com.tibco.bpm.auth.api.feature_1.1.0.DEV-2025-01-24-1128-Sushant.jar" 
             basedir="C:\Users\Sushant.Sirsikar\tibco-build\candidates\BPM\Authentication\com.tibco.bpm.auth.api.feature\2025-01-24-1128.Sushant\release\eclipse\features\com.tibco.bpm.auth.api.feature_1.1.0.DEV-2025-01-24-1128-Sushant" />
    </target>

    <target depends="-gather-bin-parts-com.tibco.bpm.auth.api-debug-extension,
	-gather-bin-parts-com.tibco.bpm.auth.api-debug-update,
	-gather-bin-parts-com.tibco.bpm.auth.api-release-update,
	-gather-bin-parts-com.tibco.bpm.auth.api-release-extension" 
            name="-gather-bin-parts-com.tibco.bpm.auth.api" />

    <target name="-gather-bin-parts-com.tibco.bpm.auth.api-debug-extension" >
        <ant dir="plugins\com.tibco.bpm.auth.api" 
             target="gather.bin.parts" 
             antfile="build.xml" >
            <property name="destination.temp.folder" 
                      location="C:\Users\Sushant.Sirsikar\tibco-build\candidates\BPM\Authentication\com.tibco.bpm.auth.api.feature\2025-01-24-1128.Sushant\debug\plugins" />
            <property value="*" 
                      name="os" />
            <property name="arch" 
                      value="*" />
            <property value="*" 
                      name="ws" />
        </ant>
        <zip destfile="C:\Users\Sushant.Sirsikar\tibco-build\candidates\BPM\Authentication\com.tibco.bpm.auth.api.feature\2025-01-24-1128.Sushant\debug\plugins\com.tibco.bpm.auth.api_1.1.0.DEV-2025-01-24-1128-Sushant.jar" 
             basedir="C:\Users\Sushant.Sirsikar\tibco-build\candidates\BPM\Authentication\com.tibco.bpm.auth.api.feature\2025-01-24-1128.Sushant\debug\plugins\com.tibco.bpm.auth.api_1.1.0.DEV-2025-01-24-1128-Sushant" />
        <delete dir="C:\Users\Sushant.Sirsikar\tibco-build\candidates\BPM\Authentication\com.tibco.bpm.auth.api.feature\2025-01-24-1128.Sushant\debug\plugins\com.tibco.bpm.auth.api_1.1.0.DEV-2025-01-24-1128-Sushant" />
    </target>

    <target unless="express-build" 
            name="-gather-bin-parts-com.tibco.bpm.auth.api-release-extension" >
        <copy todir="C:\Users\Sushant.Sirsikar\tibco-build\candidates\BPM\Authentication\com.tibco.bpm.auth.api.feature\2025-01-24-1128.Sushant\release\eclipse\plugins" 
              file="C:\Users\Sushant.Sirsikar\tibco-build\candidates\BPM\Authentication\com.tibco.bpm.auth.api.feature\2025-01-24-1128.Sushant\jar\release\plugins\com.tibco.bpm.auth.api_1.1.0.DEV-2025-01-24-1128-Sushant.jar" />
    </target>

    <target name="-gather-bin-parts-com.tibco.bpm.auth.api-debug-update" >
        <copy file="C:\Users\Sushant.Sirsikar\tibco-build\candidates\BPM\Authentication\com.tibco.bpm.auth.api.feature\2025-01-24-1128.Sushant\debug\plugins\com.tibco.bpm.auth.api_1.1.0.DEV-2025-01-24-1128-Sushant.jar" 
              tofile="C:\Users\Sushant.Sirsikar\tibco-build\candidates\BPM\Authentication\com.tibco.bpm.auth.api.feature\2025-01-24-1128.Sushant\jar\debug\plugins\com.tibco.bpm.auth.api_1.1.0.DEV-2025-01-24-1128-Sushant.jar" />
    </target>

    <target unless="express-build" 
            name="-gather-bin-parts-com.tibco.bpm.auth.api-release-update" >
        <copy file="C:\Users\Sushant.Sirsikar\tibco-build\candidates\BPM\Authentication\com.tibco.bpm.auth.api.feature\2025-01-24-1128.Sushant\jar\debug\plugins\com.tibco.bpm.auth.api_1.1.0.DEV-2025-01-24-1128-Sushant.jar" 
              tofile="C:\Users\Sushant.Sirsikar\tibco-build\candidates\BPM\Authentication\com.tibco.bpm.auth.api.feature\2025-01-24-1128.Sushant\jar\release\plugins\com.tibco.bpm.auth.api_1.1.0.DEV-2025-01-24-1128-Sushant.jar" />
        <echo file="C:\Users\Sushant.Sirsikar\tibco-build\candidates\BPM\Authentication\com.tibco.bpm.auth.api.feature\2025-01-24-1128.Sushant\jar\release\plugins\com.tibco.bpm.auth.api_1.1.0.DEV-2025-01-24-1128-Sushant.IS_NOT_OBFUSCATED" 
              append="false" 
              message="com.tibco.bpm.auth.api_1.1.0.DEV-2025-01-24-1128-Sushant IS_NOT_OBFUSCATED" 
              level="warning" />
    </target>

    <target depends="-gather-bin-parts-com.tibco.bpm.auth.api" 
            name="gather.bin.parts-*_*_*" />

    <target depends="-assemble-features-*_*_*, -copy-and-zip-feature, gather.bin.parts-*_*_*" 
            name="assemble-*_*_*" />

    <target depends="-make-output-directories,
	assemble-*_*_*,
	-copy-feature-to-local-site-release,
	-copy-feature-to-local-site-debug" 
            name="assemble" />

    <target name="clean" >
        <delete file="C:\Code\WBPM\ace\branches\sv2git-migration\Authentication\com.tibco.bpm.auth.api.feature\assemble.xml" />
        <delete >
            <fileset dir="C:\Code\WBPM\ace\branches\sv2git-migration\Authentication\com.tibco.bpm.auth.api.feature\plugins\com.tibco.bpm.auth.api" 
                     includes="build.xml, **/*.args" />
        </delete>
    </target>

    <target name="-copy-feature-to-local-site-release" 
            unless="express-build" >
        <copy todir="C:\Users\Sushant.Sirsikar\tibco-build\workspaceInstaller\local-builds-site\features" 
              file="C:\Users\Sushant.Sirsikar\tibco-build\candidates\BPM\Authentication\com.tibco.bpm.auth.api.feature\2025-01-24-1128.Sushant\jar\release\features\com.tibco.bpm.auth.api.feature_1.1.0.DEV-2025-01-24-1128-Sushant.jar" />
        <copy file="C:\Users\Sushant.Sirsikar\tibco-build\candidates\BPM\Authentication\com.tibco.bpm.auth.api.feature\2025-01-24-1128.Sushant\jar\release\plugins\com.tibco.bpm.auth.api_1.1.0.DEV-2025-01-24-1128-Sushant.jar" 
              todir="C:\Users\Sushant.Sirsikar\tibco-build\workspaceInstaller\local-builds-site\plugins" />
    </target>

    <target name="-copy-feature-to-local-site-debug" >
        <copy todir="C:\Users\Sushant.Sirsikar\tibco-build\workspaceInstaller\local-builds-site-debug\features" 
              file="C:\Users\Sushant.Sirsikar\tibco-build\candidates\BPM\Authentication\com.tibco.bpm.auth.api.feature\2025-01-24-1128.Sushant\jar\debug\features\com.tibco.bpm.auth.api.feature_1.1.0.DEV-2025-01-24-1128-Sushant.jar" />
        <copy todir="C:\Users\Sushant.Sirsikar\tibco-build\workspaceInstaller\local-builds-site-debug\plugins" 
              file="C:\Users\Sushant.Sirsikar\tibco-build\candidates\BPM\Authentication\com.tibco.bpm.auth.api.feature\2025-01-24-1128.Sushant\jar\debug\plugins\com.tibco.bpm.auth.api_1.1.0.DEV-2025-01-24-1128-Sushant.jar" />
    </target>
</project>
