<?xml version='1.0' encoding='UTF-8'?>
<project name="com.tibco.bpm.auth.openid.feature" 
         default="assemble" 
         basedir="." >

    <target name="-make-output-directories" >
        <mkdir dir="C:\Users\Sushant.Sirsikar\tibco-build\candidates\BPM\Authentication\com.tibco.bpm.auth.openid.feature\2025-01-24-1130.Sushant\debug\features" />
        <mkdir dir="C:\Users\Sushant.Sirsikar\tibco-build\candidates\BPM\Authentication\com.tibco.bpm.auth.openid.feature\2025-01-24-1130.Sushant\debug\plugins" />
        <echo append="false" 
              file="C:\Users\Sushant.Sirsikar\tibco-build\candidates\BPM\Authentication\com.tibco.bpm.auth.openid.feature\2025-01-24-1130.Sushant\debug\.eclipseextension" />
        <mkdir dir="C:\Users\Sushant.Sirsikar\tibco-build\candidates\BPM\Authentication\com.tibco.bpm.auth.openid.feature\2025-01-24-1130.Sushant\release\eclipse\features" />
        <mkdir dir="C:\Users\Sushant.Sirsikar\tibco-build\candidates\BPM\Authentication\com.tibco.bpm.auth.openid.feature\2025-01-24-1130.Sushant\release\eclipse\plugins" />
        <echo file="C:\Users\Sushant.Sirsikar\tibco-build\candidates\BPM\Authentication\com.tibco.bpm.auth.openid.feature\2025-01-24-1130.Sushant\release\eclipse\.eclipseextension" 
              append="false" />
        <mkdir dir="C:\Users\Sushant.Sirsikar\tibco-build\candidates\BPM\Authentication\com.tibco.bpm.auth.openid.feature\2025-01-24-1130.Sushant\jar\debug\features" />
        <mkdir dir="C:\Users\Sushant.Sirsikar\tibco-build\candidates\BPM\Authentication\com.tibco.bpm.auth.openid.feature\2025-01-24-1130.Sushant\jar\debug\plugins" />
        <mkdir dir="C:\Users\Sushant.Sirsikar\tibco-build\candidates\BPM\Authentication\com.tibco.bpm.auth.openid.feature\2025-01-24-1130.Sushant\jar\release\features" />
        <mkdir dir="C:\Users\Sushant.Sirsikar\tibco-build\candidates\BPM\Authentication\com.tibco.bpm.auth.openid.feature\2025-01-24-1130.Sushant\jar\release\plugins" />
    </target>

    <target name="-assemble-features-*_*_*" >
        <ant target="gather.bin.parts" 
             antfile="build.xml" 
             dir="features\com.tibco.bpm.auth.openid.feature" >
            <property name="feature.base" 
                      location="C:\Users\Sushant.Sirsikar\tibco-build\candidates\BPM\Authentication\com.tibco.bpm.auth.openid.feature\2025-01-24-1130.Sushant\debug" />
            <property value="*" 
                      name="os" />
            <property name="arch" 
                      value="*" />
            <property name="ws" 
                      value="*" />
        </ant>
        <zip destfile="C:\Users\Sushant.Sirsikar\tibco-build\candidates\BPM\Authentication\com.tibco.bpm.auth.openid.feature\2025-01-24-1130.Sushant\jar\debug\features\com.tibco.bpm.auth.openid.feature_1.0.0.DEV-2025-01-24-1130-Sushant.jar" 
             basedir="C:\Users\Sushant.Sirsikar\tibco-build\candidates\BPM\Authentication\com.tibco.bpm.auth.openid.feature\2025-01-24-1130.Sushant\debug\features\com.tibco.bpm.auth.openid.feature_1.0.0.DEV-2025-01-24-1130-Sushant" />
    </target>

    <target unless="express-build" 
            name="-copy-and-zip-feature" >
        <copy todir="C:\Users\Sushant.Sirsikar\tibco-build\candidates\BPM\Authentication\com.tibco.bpm.auth.openid.feature\2025-01-24-1130.Sushant\release\eclipse\features\com.tibco.bpm.auth.openid.feature_1.0.0.DEV-2025-01-24-1130-Sushant" >
            <fileset dir="C:\Users\Sushant.Sirsikar\tibco-build\candidates\BPM\Authentication\com.tibco.bpm.auth.openid.feature\2025-01-24-1130.Sushant\debug\features\com.tibco.bpm.auth.openid.feature_1.0.0.DEV-2025-01-24-1130-Sushant" />
        </copy>
        <zip destfile="C:\Users\Sushant.Sirsikar\tibco-build\candidates\BPM\Authentication\com.tibco.bpm.auth.openid.feature\2025-01-24-1130.Sushant\jar\release\features\com.tibco.bpm.auth.openid.feature_1.0.0.DEV-2025-01-24-1130-Sushant.jar" 
             basedir="C:\Users\Sushant.Sirsikar\tibco-build\candidates\BPM\Authentication\com.tibco.bpm.auth.openid.feature\2025-01-24-1130.Sushant\release\eclipse\features\com.tibco.bpm.auth.openid.feature_1.0.0.DEV-2025-01-24-1130-Sushant" />
    </target>

    <target name="-gather-bin-parts-com.tibco.bpm.auth.openid" 
            depends="-gather-bin-parts-com.tibco.bpm.auth.openid-debug-extension,
	-gather-bin-parts-com.tibco.bpm.auth.openid-debug-update,
	-gather-bin-parts-com.tibco.bpm.auth.openid-release-extension,
	-gather-bin-parts-com.tibco.bpm.auth.openid-release-update" />

    <target name="-gather-bin-parts-com.tibco.bpm.auth.openid-debug-extension" >
        <ant target="gather.bin.parts" 
             antfile="build.xml" 
             dir="plugins\com.tibco.bpm.auth.openid" >
            <property name="destination.temp.folder" 
                      location="C:\Users\Sushant.Sirsikar\tibco-build\candidates\BPM\Authentication\com.tibco.bpm.auth.openid.feature\2025-01-24-1130.Sushant\debug\plugins" />
            <property value="*" 
                      name="os" />
            <property name="arch" 
                      value="*" />
            <property name="ws" 
                      value="*" />
        </ant>
    </target>

    <target unless="express-build" 
            name="-gather-bin-parts-com.tibco.bpm.auth.openid-release-extension" >
        <copy todir="C:\Users\Sushant.Sirsikar\tibco-build\candidates\BPM\Authentication\com.tibco.bpm.auth.openid.feature\2025-01-24-1130.Sushant\release\eclipse\plugins\com.tibco.bpm.auth.openid_1.0.0.DEV-2025-01-24-1130-Sushant" >
            <fileset dir="C:\Users\Sushant.Sirsikar\tibco-build\candidates\BPM\Authentication\com.tibco.bpm.auth.openid.feature\2025-01-24-1130.Sushant\debug\plugins\com.tibco.bpm.auth.openid_1.0.0.DEV-2025-01-24-1130-Sushant" />
        </copy>
    </target>

    <target name="-gather-bin-parts-com.tibco.bpm.auth.openid-debug-update" >
        <zip destfile="C:\Users\Sushant.Sirsikar\tibco-build\candidates\BPM\Authentication\com.tibco.bpm.auth.openid.feature\2025-01-24-1130.Sushant\jar\debug\plugins\com.tibco.bpm.auth.openid_1.0.0.DEV-2025-01-24-1130-Sushant.jar" 
             basedir="C:\Users\Sushant.Sirsikar\tibco-build\candidates\BPM\Authentication\com.tibco.bpm.auth.openid.feature\2025-01-24-1130.Sushant\debug\plugins\com.tibco.bpm.auth.openid_1.0.0.DEV-2025-01-24-1130-Sushant" />
    </target>

    <target unless="express-build" 
            name="-gather-bin-parts-com.tibco.bpm.auth.openid-release-update" >
        <copy tofile="C:\Users\Sushant.Sirsikar\tibco-build\candidates\BPM\Authentication\com.tibco.bpm.auth.openid.feature\2025-01-24-1130.Sushant\jar\release\plugins\com.tibco.bpm.auth.openid_1.0.0.DEV-2025-01-24-1130-Sushant.jar" 
              file="C:\Users\Sushant.Sirsikar\tibco-build\candidates\BPM\Authentication\com.tibco.bpm.auth.openid.feature\2025-01-24-1130.Sushant\jar\debug\plugins\com.tibco.bpm.auth.openid_1.0.0.DEV-2025-01-24-1130-Sushant.jar" />
        <echo append="false" 
              level="warning" 
              message="com.tibco.bpm.auth.openid_1.0.0.DEV-2025-01-24-1130-Sushant IS_NOT_OBFUSCATED" 
              file="C:\Users\Sushant.Sirsikar\tibco-build\candidates\BPM\Authentication\com.tibco.bpm.auth.openid.feature\2025-01-24-1130.Sushant\jar\release\plugins\com.tibco.bpm.auth.openid_1.0.0.DEV-2025-01-24-1130-Sushant.IS_NOT_OBFUSCATED" />
    </target>

    <target depends="-gather-bin-parts-com.tibco.bpm.auth.openid" 
            name="gather.bin.parts-*_*_*" />

    <target name="assemble-*_*_*" 
            depends="-assemble-features-*_*_*, -copy-and-zip-feature, gather.bin.parts-*_*_*" />

    <target depends="-make-output-directories,
	assemble-*_*_*,
	-copy-feature-to-local-site-release,
	-copy-feature-to-local-site-debug" 
            name="assemble" />

    <target name="clean" >
        <delete file="C:\Code\WBPM\ace\branches\sv2git-migration\Authentication\com.tibco.bpm.auth.openid.feature\assemble.xml" />
        <delete >
            <fileset dir="C:\Code\WBPM\ace\branches\sv2git-migration\Authentication\com.tibco.bpm.auth.openid.feature\plugins\com.tibco.bpm.auth.openid" 
                     includes="build.xml, **/*.args" />
        </delete>
    </target>

    <target name="-copy-feature-to-local-site-release" 
            unless="express-build" >
        <copy todir="C:\Users\Sushant.Sirsikar\tibco-build\workspaceInstaller\local-builds-site\features" 
              file="C:\Users\Sushant.Sirsikar\tibco-build\candidates\BPM\Authentication\com.tibco.bpm.auth.openid.feature\2025-01-24-1130.Sushant\jar\release\features\com.tibco.bpm.auth.openid.feature_1.0.0.DEV-2025-01-24-1130-Sushant.jar" />
        <copy file="C:\Users\Sushant.Sirsikar\tibco-build\candidates\BPM\Authentication\com.tibco.bpm.auth.openid.feature\2025-01-24-1130.Sushant\jar\release\plugins\com.tibco.bpm.auth.openid_1.0.0.DEV-2025-01-24-1130-Sushant.jar" 
              todir="C:\Users\Sushant.Sirsikar\tibco-build\workspaceInstaller\local-builds-site\plugins" />
    </target>

    <target name="-copy-feature-to-local-site-debug" >
        <copy todir="C:\Users\Sushant.Sirsikar\tibco-build\workspaceInstaller\local-builds-site-debug\features" 
              file="C:\Users\Sushant.Sirsikar\tibco-build\candidates\BPM\Authentication\com.tibco.bpm.auth.openid.feature\2025-01-24-1130.Sushant\jar\debug\features\com.tibco.bpm.auth.openid.feature_1.0.0.DEV-2025-01-24-1130-Sushant.jar" />
        <copy file="C:\Users\Sushant.Sirsikar\tibco-build\candidates\BPM\Authentication\com.tibco.bpm.auth.openid.feature\2025-01-24-1130.Sushant\jar\debug\plugins\com.tibco.bpm.auth.openid_1.0.0.DEV-2025-01-24-1130-Sushant.jar" 
              todir="C:\Users\Sushant.Sirsikar\tibco-build\workspaceInstaller\local-builds-site-debug\plugins" />
    </target>
</project>
