<?xml version='1.0' encoding='UTF-8'?>
<project name="com.tibco.bpm.cdm.core.feature" 
         default="assemble" 
         basedir="." >

    <target name="-make-output-directories" >
        <mkdir dir="C:\Users\Sushant.Sirsikar\tibco-build\candidates\BPM\CaseDataManager\com.tibco.bpm.cdm.core.feature\2025-01-24-1137.Sushant\debug\features" />
        <mkdir dir="C:\Users\Sushant.Sirsikar\tibco-build\candidates\BPM\CaseDataManager\com.tibco.bpm.cdm.core.feature\2025-01-24-1137.Sushant\debug\plugins" />
        <echo file="C:\Users\Sushant.Sirsikar\tibco-build\candidates\BPM\CaseDataManager\com.tibco.bpm.cdm.core.feature\2025-01-24-1137.Sushant\debug\.eclipseextension" 
              append="false" />
        <mkdir dir="C:\Users\Sushant.Sirsikar\tibco-build\candidates\BPM\CaseDataManager\com.tibco.bpm.cdm.core.feature\2025-01-24-1137.Sushant\release\eclipse\features" />
        <mkdir dir="C:\Users\Sushant.Sirsikar\tibco-build\candidates\BPM\CaseDataManager\com.tibco.bpm.cdm.core.feature\2025-01-24-1137.Sushant\release\eclipse\plugins" />
        <echo file="C:\Users\Sushant.Sirsikar\tibco-build\candidates\BPM\CaseDataManager\com.tibco.bpm.cdm.core.feature\2025-01-24-1137.Sushant\release\eclipse\.eclipseextension" 
              append="false" />
        <mkdir dir="C:\Users\Sushant.Sirsikar\tibco-build\candidates\BPM\CaseDataManager\com.tibco.bpm.cdm.core.feature\2025-01-24-1137.Sushant\jar\debug\features" />
        <mkdir dir="C:\Users\Sushant.Sirsikar\tibco-build\candidates\BPM\CaseDataManager\com.tibco.bpm.cdm.core.feature\2025-01-24-1137.Sushant\jar\debug\plugins" />
        <mkdir dir="C:\Users\Sushant.Sirsikar\tibco-build\candidates\BPM\CaseDataManager\com.tibco.bpm.cdm.core.feature\2025-01-24-1137.Sushant\jar\release\features" />
        <mkdir dir="C:\Users\Sushant.Sirsikar\tibco-build\candidates\BPM\CaseDataManager\com.tibco.bpm.cdm.core.feature\2025-01-24-1137.Sushant\jar\release\plugins" />
    </target>

    <target name="-assemble-features-*_*_*" >
        <ant dir="features\com.tibco.bpm.cdm.core.feature" 
             target="gather.bin.parts" 
             antfile="build.xml" >
            <property name="feature.base" 
                      location="C:\Users\Sushant.Sirsikar\tibco-build\candidates\BPM\CaseDataManager\com.tibco.bpm.cdm.core.feature\2025-01-24-1137.Sushant\debug" />
            <property value="*" 
                      name="os" />
            <property value="*" 
                      name="arch" />
            <property name="ws" 
                      value="*" />
        </ant>
        <zip basedir="C:\Users\Sushant.Sirsikar\tibco-build\candidates\BPM\CaseDataManager\com.tibco.bpm.cdm.core.feature\2025-01-24-1137.Sushant\debug\features\com.tibco.bpm.cdm.core.feature_1.0.0.DEV-2025-01-24-1137-Sushant" 
             destfile="C:\Users\Sushant.Sirsikar\tibco-build\candidates\BPM\CaseDataManager\com.tibco.bpm.cdm.core.feature\2025-01-24-1137.Sushant\jar\debug\features\com.tibco.bpm.cdm.core.feature_1.0.0.DEV-2025-01-24-1137-Sushant.jar" />
    </target>

    <target name="-copy-and-zip-feature" 
            unless="express-build" >
        <copy todir="C:\Users\Sushant.Sirsikar\tibco-build\candidates\BPM\CaseDataManager\com.tibco.bpm.cdm.core.feature\2025-01-24-1137.Sushant\release\eclipse\features\com.tibco.bpm.cdm.core.feature_1.0.0.DEV-2025-01-24-1137-Sushant" >
            <fileset dir="C:\Users\Sushant.Sirsikar\tibco-build\candidates\BPM\CaseDataManager\com.tibco.bpm.cdm.core.feature\2025-01-24-1137.Sushant\debug\features\com.tibco.bpm.cdm.core.feature_1.0.0.DEV-2025-01-24-1137-Sushant" />
        </copy>
        <zip basedir="C:\Users\Sushant.Sirsikar\tibco-build\candidates\BPM\CaseDataManager\com.tibco.bpm.cdm.core.feature\2025-01-24-1137.Sushant\release\eclipse\features\com.tibco.bpm.cdm.core.feature_1.0.0.DEV-2025-01-24-1137-Sushant" 
             destfile="C:\Users\Sushant.Sirsikar\tibco-build\candidates\BPM\CaseDataManager\com.tibco.bpm.cdm.core.feature\2025-01-24-1137.Sushant\jar\release\features\com.tibco.bpm.cdm.core.feature_1.0.0.DEV-2025-01-24-1137-Sushant.jar" />
    </target>

    <target depends="-gather-bin-parts-com.tibco.bpm.cdm.core-debug-extension,
	-gather-bin-parts-com.tibco.bpm.cdm.core-debug-update,
	-gather-bin-parts-com.tibco.bpm.cdm.core-release-update,
	-gather-bin-parts-com.tibco.bpm.cdm.core-release-extension" 
            name="-gather-bin-parts-com.tibco.bpm.cdm.core" />

    <target name="-gather-bin-parts-com.tibco.bpm.cdm.core-debug-extension" >
        <ant target="gather.bin.parts" 
             dir="plugins\com.tibco.bpm.cdm.core" 
             antfile="build.xml" >
            <property location="C:\Users\Sushant.Sirsikar\tibco-build\candidates\BPM\CaseDataManager\com.tibco.bpm.cdm.core.feature\2025-01-24-1137.Sushant\debug\plugins" 
                      name="destination.temp.folder" />
            <property name="os" 
                      value="*" />
            <property name="arch" 
                      value="*" />
            <property name="ws" 
                      value="*" />
        </ant>
    </target>

    <target unless="express-build" 
            name="-gather-bin-parts-com.tibco.bpm.cdm.core-release-extension" >
        <copy todir="C:\Users\Sushant.Sirsikar\tibco-build\candidates\BPM\CaseDataManager\com.tibco.bpm.cdm.core.feature\2025-01-24-1137.Sushant\release\eclipse\plugins\com.tibco.bpm.cdm.core_1.0.0.DEV-2025-01-24-1137-Sushant" >
            <fileset dir="C:\Users\Sushant.Sirsikar\tibco-build\candidates\BPM\CaseDataManager\com.tibco.bpm.cdm.core.feature\2025-01-24-1137.Sushant\debug\plugins\com.tibco.bpm.cdm.core_1.0.0.DEV-2025-01-24-1137-Sushant" />
        </copy>
    </target>

    <target name="-gather-bin-parts-com.tibco.bpm.cdm.core-debug-update" >
        <zip destfile="C:\Users\Sushant.Sirsikar\tibco-build\candidates\BPM\CaseDataManager\com.tibco.bpm.cdm.core.feature\2025-01-24-1137.Sushant\jar\debug\plugins\com.tibco.bpm.cdm.core_1.0.0.DEV-2025-01-24-1137-Sushant.jar" 
             basedir="C:\Users\Sushant.Sirsikar\tibco-build\candidates\BPM\CaseDataManager\com.tibco.bpm.cdm.core.feature\2025-01-24-1137.Sushant\debug\plugins\com.tibco.bpm.cdm.core_1.0.0.DEV-2025-01-24-1137-Sushant" />
    </target>

    <target name="-gather-bin-parts-com.tibco.bpm.cdm.core-release-update" 
            unless="express-build" >
        <copy file="C:\Users\Sushant.Sirsikar\tibco-build\candidates\BPM\CaseDataManager\com.tibco.bpm.cdm.core.feature\2025-01-24-1137.Sushant\jar\debug\plugins\com.tibco.bpm.cdm.core_1.0.0.DEV-2025-01-24-1137-Sushant.jar" 
              tofile="C:\Users\Sushant.Sirsikar\tibco-build\candidates\BPM\CaseDataManager\com.tibco.bpm.cdm.core.feature\2025-01-24-1137.Sushant\jar\release\plugins\com.tibco.bpm.cdm.core_1.0.0.DEV-2025-01-24-1137-Sushant.jar" />
        <echo file="C:\Users\Sushant.Sirsikar\tibco-build\candidates\BPM\CaseDataManager\com.tibco.bpm.cdm.core.feature\2025-01-24-1137.Sushant\jar\release\plugins\com.tibco.bpm.cdm.core_1.0.0.DEV-2025-01-24-1137-Sushant.IS_NOT_OBFUSCATED" 
              message="com.tibco.bpm.cdm.core_1.0.0.DEV-2025-01-24-1137-Sushant IS_NOT_OBFUSCATED" 
              level="warning" 
              append="false" />
    </target>

    <target depends="-gather-bin-parts-com.tibco.bpm.cdm.core" 
            name="gather.bin.parts-*_*_*" />

    <target name="assemble-*_*_*" 
            depends="-assemble-features-*_*_*, -copy-and-zip-feature, gather.bin.parts-*_*_*" />

    <target depends="-make-output-directories,
	assemble-*_*_*,
	-copy-feature-to-local-site-release,
	-copy-feature-to-local-site-debug" 
            name="assemble" />

    <target name="clean" >
        <delete file="C:\Code\WBPM\ace\branches\sv2git-migration\CaseDataManager\com.tibco.bpm.cdm.core.feature\assemble.xml" />
        <delete >
            <fileset dir="C:\Code\WBPM\ace\branches\sv2git-migration\CaseDataManager\com.tibco.bpm.cdm.core.feature\plugins\com.tibco.bpm.cdm.core" 
                     includes="build.xml, **/*.args" />
        </delete>
    </target>

    <target name="-copy-feature-to-local-site-release" 
            unless="express-build" >
        <copy todir="C:\Users\Sushant.Sirsikar\tibco-build\workspaceInstaller\local-builds-site\features" 
              file="C:\Users\Sushant.Sirsikar\tibco-build\candidates\BPM\CaseDataManager\com.tibco.bpm.cdm.core.feature\2025-01-24-1137.Sushant\jar\release\features\com.tibco.bpm.cdm.core.feature_1.0.0.DEV-2025-01-24-1137-Sushant.jar" />
        <copy file="C:\Users\Sushant.Sirsikar\tibco-build\candidates\BPM\CaseDataManager\com.tibco.bpm.cdm.core.feature\2025-01-24-1137.Sushant\jar\release\plugins\com.tibco.bpm.cdm.core_1.0.0.DEV-2025-01-24-1137-Sushant.jar" 
              todir="C:\Users\Sushant.Sirsikar\tibco-build\workspaceInstaller\local-builds-site\plugins" />
    </target>

    <target name="-copy-feature-to-local-site-debug" >
        <copy file="C:\Users\Sushant.Sirsikar\tibco-build\candidates\BPM\CaseDataManager\com.tibco.bpm.cdm.core.feature\2025-01-24-1137.Sushant\jar\debug\features\com.tibco.bpm.cdm.core.feature_1.0.0.DEV-2025-01-24-1137-Sushant.jar" 
              todir="C:\Users\Sushant.Sirsikar\tibco-build\workspaceInstaller\local-builds-site-debug\features" />
        <copy file="C:\Users\Sushant.Sirsikar\tibco-build\candidates\BPM\CaseDataManager\com.tibco.bpm.cdm.core.feature\2025-01-24-1137.Sushant\jar\debug\plugins\com.tibco.bpm.cdm.core_1.0.0.DEV-2025-01-24-1137-Sushant.jar" 
              todir="C:\Users\Sushant.Sirsikar\tibco-build\workspaceInstaller\local-builds-site-debug\plugins" />
    </target>
</project>
