<?xml version='1.0' encoding='UTF-8'?>
<project name="com.tibco.bpm.auth.saml.feature" 
         default="assemble" 
         basedir="." >

    <target name="-make-output-directories" >
        <mkdir dir="C:\Users\Sushant.Sirsikar\tibco-build\candidates\BPM\Authentication\com.tibco.bpm.auth.saml.feature\2025-01-24-1129.Sushant\debug\features" />
        <mkdir dir="C:\Users\Sushant.Sirsikar\tibco-build\candidates\BPM\Authentication\com.tibco.bpm.auth.saml.feature\2025-01-24-1129.Sushant\debug\plugins" />
        <echo file="C:\Users\Sushant.Sirsikar\tibco-build\candidates\BPM\Authentication\com.tibco.bpm.auth.saml.feature\2025-01-24-1129.Sushant\debug\.eclipseextension" 
              append="false" />
        <mkdir dir="C:\Users\Sushant.Sirsikar\tibco-build\candidates\BPM\Authentication\com.tibco.bpm.auth.saml.feature\2025-01-24-1129.Sushant\release\eclipse\features" />
        <mkdir dir="C:\Users\Sushant.Sirsikar\tibco-build\candidates\BPM\Authentication\com.tibco.bpm.auth.saml.feature\2025-01-24-1129.Sushant\release\eclipse\plugins" />
        <echo append="false" 
              file="C:\Users\Sushant.Sirsikar\tibco-build\candidates\BPM\Authentication\com.tibco.bpm.auth.saml.feature\2025-01-24-1129.Sushant\release\eclipse\.eclipseextension" />
        <mkdir dir="C:\Users\Sushant.Sirsikar\tibco-build\candidates\BPM\Authentication\com.tibco.bpm.auth.saml.feature\2025-01-24-1129.Sushant\jar\debug\features" />
        <mkdir dir="C:\Users\Sushant.Sirsikar\tibco-build\candidates\BPM\Authentication\com.tibco.bpm.auth.saml.feature\2025-01-24-1129.Sushant\jar\debug\plugins" />
        <mkdir dir="C:\Users\Sushant.Sirsikar\tibco-build\candidates\BPM\Authentication\com.tibco.bpm.auth.saml.feature\2025-01-24-1129.Sushant\jar\release\features" />
        <mkdir dir="C:\Users\Sushant.Sirsikar\tibco-build\candidates\BPM\Authentication\com.tibco.bpm.auth.saml.feature\2025-01-24-1129.Sushant\jar\release\plugins" />
    </target>

    <target name="-assemble-features-*_*_*" >
        <ant antfile="build.xml" 
             dir="features\com.tibco.bpm.auth.saml.feature" 
             target="gather.bin.parts" >
            <property location="C:\Users\Sushant.Sirsikar\tibco-build\candidates\BPM\Authentication\com.tibco.bpm.auth.saml.feature\2025-01-24-1129.Sushant\debug" 
                      name="feature.base" />
            <property name="os" 
                      value="*" />
            <property name="arch" 
                      value="*" />
            <property value="*" 
                      name="ws" />
        </ant>
        <zip basedir="C:\Users\Sushant.Sirsikar\tibco-build\candidates\BPM\Authentication\com.tibco.bpm.auth.saml.feature\2025-01-24-1129.Sushant\debug\features\com.tibco.bpm.auth.saml.feature_1.0.0.DEV-2025-01-24-1129-Sushant" 
             destfile="C:\Users\Sushant.Sirsikar\tibco-build\candidates\BPM\Authentication\com.tibco.bpm.auth.saml.feature\2025-01-24-1129.Sushant\jar\debug\features\com.tibco.bpm.auth.saml.feature_1.0.0.DEV-2025-01-24-1129-Sushant.jar" />
    </target>

    <target unless="express-build" 
            name="-copy-and-zip-feature" >
        <copy todir="C:\Users\Sushant.Sirsikar\tibco-build\candidates\BPM\Authentication\com.tibco.bpm.auth.saml.feature\2025-01-24-1129.Sushant\release\eclipse\features\com.tibco.bpm.auth.saml.feature_1.0.0.DEV-2025-01-24-1129-Sushant" >
            <fileset dir="C:\Users\Sushant.Sirsikar\tibco-build\candidates\BPM\Authentication\com.tibco.bpm.auth.saml.feature\2025-01-24-1129.Sushant\debug\features\com.tibco.bpm.auth.saml.feature_1.0.0.DEV-2025-01-24-1129-Sushant" />
        </copy>
        <zip basedir="C:\Users\Sushant.Sirsikar\tibco-build\candidates\BPM\Authentication\com.tibco.bpm.auth.saml.feature\2025-01-24-1129.Sushant\release\eclipse\features\com.tibco.bpm.auth.saml.feature_1.0.0.DEV-2025-01-24-1129-Sushant" 
             destfile="C:\Users\Sushant.Sirsikar\tibco-build\candidates\BPM\Authentication\com.tibco.bpm.auth.saml.feature\2025-01-24-1129.Sushant\jar\release\features\com.tibco.bpm.auth.saml.feature_1.0.0.DEV-2025-01-24-1129-Sushant.jar" />
    </target>

    <target name="-gather-bin-parts-com.tibco.bpm.auth.saml" 
            depends="-gather-bin-parts-com.tibco.bpm.auth.saml-debug-extension,
	-gather-bin-parts-com.tibco.bpm.auth.saml-debug-update,
	-gather-bin-parts-com.tibco.bpm.auth.saml-release-extension,
	-gather-bin-parts-com.tibco.bpm.auth.saml-release-update" />

    <target name="-gather-bin-parts-com.tibco.bpm.auth.saml-debug-extension" >
        <ant dir="plugins\com.tibco.bpm.auth.saml" 
             antfile="build.xml" 
             target="gather.bin.parts" >
            <property name="destination.temp.folder" 
                      location="C:\Users\Sushant.Sirsikar\tibco-build\candidates\BPM\Authentication\com.tibco.bpm.auth.saml.feature\2025-01-24-1129.Sushant\debug\plugins" />
            <property value="*" 
                      name="os" />
            <property name="arch" 
                      value="*" />
            <property name="ws" 
                      value="*" />
        </ant>
    </target>

    <target unless="express-build" 
            name="-gather-bin-parts-com.tibco.bpm.auth.saml-release-extension" >
        <copy todir="C:\Users\Sushant.Sirsikar\tibco-build\candidates\BPM\Authentication\com.tibco.bpm.auth.saml.feature\2025-01-24-1129.Sushant\release\eclipse\plugins\com.tibco.bpm.auth.saml_1.0.0.DEV-2025-01-24-1129-Sushant" >
            <fileset dir="C:\Users\Sushant.Sirsikar\tibco-build\candidates\BPM\Authentication\com.tibco.bpm.auth.saml.feature\2025-01-24-1129.Sushant\debug\plugins\com.tibco.bpm.auth.saml_1.0.0.DEV-2025-01-24-1129-Sushant" />
        </copy>
    </target>

    <target name="-gather-bin-parts-com.tibco.bpm.auth.saml-debug-update" >
        <zip destfile="C:\Users\Sushant.Sirsikar\tibco-build\candidates\BPM\Authentication\com.tibco.bpm.auth.saml.feature\2025-01-24-1129.Sushant\jar\debug\plugins\com.tibco.bpm.auth.saml_1.0.0.DEV-2025-01-24-1129-Sushant.jar" 
             basedir="C:\Users\Sushant.Sirsikar\tibco-build\candidates\BPM\Authentication\com.tibco.bpm.auth.saml.feature\2025-01-24-1129.Sushant\debug\plugins\com.tibco.bpm.auth.saml_1.0.0.DEV-2025-01-24-1129-Sushant" />
    </target>

    <target name="-gather-bin-parts-com.tibco.bpm.auth.saml-release-update" 
            unless="express-build" >
        <copy tofile="C:\Users\Sushant.Sirsikar\tibco-build\candidates\BPM\Authentication\com.tibco.bpm.auth.saml.feature\2025-01-24-1129.Sushant\jar\release\plugins\com.tibco.bpm.auth.saml_1.0.0.DEV-2025-01-24-1129-Sushant.jar" 
              file="C:\Users\Sushant.Sirsikar\tibco-build\candidates\BPM\Authentication\com.tibco.bpm.auth.saml.feature\2025-01-24-1129.Sushant\jar\debug\plugins\com.tibco.bpm.auth.saml_1.0.0.DEV-2025-01-24-1129-Sushant.jar" />
        <echo message="com.tibco.bpm.auth.saml_1.0.0.DEV-2025-01-24-1129-Sushant IS_NOT_OBFUSCATED" 
              file="C:\Users\Sushant.Sirsikar\tibco-build\candidates\BPM\Authentication\com.tibco.bpm.auth.saml.feature\2025-01-24-1129.Sushant\jar\release\plugins\com.tibco.bpm.auth.saml_1.0.0.DEV-2025-01-24-1129-Sushant.IS_NOT_OBFUSCATED" 
              level="warning" 
              append="false" />
    </target>

    <target name="gather.bin.parts-*_*_*" 
            depends="-gather-bin-parts-com.tibco.bpm.auth.saml" />

    <target depends="-assemble-features-*_*_*, -copy-and-zip-feature, gather.bin.parts-*_*_*" 
            name="assemble-*_*_*" />

    <target depends="-make-output-directories,
	assemble-*_*_*,
	-copy-feature-to-local-site-release,
	-copy-feature-to-local-site-debug" 
            name="assemble" />

    <target name="clean" >
        <delete file="C:\Code\WBPM\ace\branches\sv2git-migration\Authentication\com.tibco.bpm.auth.saml.feature\assemble.xml" />
        <delete >
            <fileset includes="build.xml, **/*.args" 
                     dir="C:\Code\WBPM\ace\branches\sv2git-migration\Authentication\com.tibco.bpm.auth.saml.feature\plugins\com.tibco.bpm.auth.saml" />
        </delete>
    </target>

    <target unless="express-build" 
            name="-copy-feature-to-local-site-release" >
        <copy todir="C:\Users\Sushant.Sirsikar\tibco-build\workspaceInstaller\local-builds-site\features" 
              file="C:\Users\Sushant.Sirsikar\tibco-build\candidates\BPM\Authentication\com.tibco.bpm.auth.saml.feature\2025-01-24-1129.Sushant\jar\release\features\com.tibco.bpm.auth.saml.feature_1.0.0.DEV-2025-01-24-1129-Sushant.jar" />
        <copy file="C:\Users\Sushant.Sirsikar\tibco-build\candidates\BPM\Authentication\com.tibco.bpm.auth.saml.feature\2025-01-24-1129.Sushant\jar\release\plugins\com.tibco.bpm.auth.saml_1.0.0.DEV-2025-01-24-1129-Sushant.jar" 
              todir="C:\Users\Sushant.Sirsikar\tibco-build\workspaceInstaller\local-builds-site\plugins" />
    </target>

    <target name="-copy-feature-to-local-site-debug" >
        <copy file="C:\Users\Sushant.Sirsikar\tibco-build\candidates\BPM\Authentication\com.tibco.bpm.auth.saml.feature\2025-01-24-1129.Sushant\jar\debug\features\com.tibco.bpm.auth.saml.feature_1.0.0.DEV-2025-01-24-1129-Sushant.jar" 
              todir="C:\Users\Sushant.Sirsikar\tibco-build\workspaceInstaller\local-builds-site-debug\features" />
        <copy file="C:\Users\Sushant.Sirsikar\tibco-build\candidates\BPM\Authentication\com.tibco.bpm.auth.saml.feature\2025-01-24-1129.Sushant\jar\debug\plugins\com.tibco.bpm.auth.saml_1.0.0.DEV-2025-01-24-1129-Sushant.jar" 
              todir="C:\Users\Sushant.Sirsikar\tibco-build\workspaceInstaller\local-builds-site-debug\plugins" />
    </target>
</project>
