<?xml version='1.0' encoding='UTF-8'?>
<project name="com.tibco.bpm.cdm.libs.feature.eclipse" 
         default="assemble" 
         basedir="." >

    <target name="-make-output-directories" >
        <mkdir dir="C:\Users\Sushant.Sirsikar\tibco-build\candidates\BPM\CaseDataManager\com.tibco.bpm.cdm.libs.feature.eclipse\2025-01-24-1136.Sushant\debug\features" />
        <mkdir dir="C:\Users\Sushant.Sirsikar\tibco-build\candidates\BPM\CaseDataManager\com.tibco.bpm.cdm.libs.feature.eclipse\2025-01-24-1136.Sushant\debug\plugins" />
        <echo append="false" 
              file="C:\Users\Sushant.Sirsikar\tibco-build\candidates\BPM\CaseDataManager\com.tibco.bpm.cdm.libs.feature.eclipse\2025-01-24-1136.Sushant\debug\.eclipseextension" />
        <mkdir dir="C:\Users\Sushant.Sirsikar\tibco-build\candidates\BPM\CaseDataManager\com.tibco.bpm.cdm.libs.feature.eclipse\2025-01-24-1136.Sushant\release\eclipse\features" />
        <mkdir dir="C:\Users\Sushant.Sirsikar\tibco-build\candidates\BPM\CaseDataManager\com.tibco.bpm.cdm.libs.feature.eclipse\2025-01-24-1136.Sushant\release\eclipse\plugins" />
        <echo file="C:\Users\Sushant.Sirsikar\tibco-build\candidates\BPM\CaseDataManager\com.tibco.bpm.cdm.libs.feature.eclipse\2025-01-24-1136.Sushant\release\eclipse\.eclipseextension" 
              append="false" />
        <mkdir dir="C:\Users\Sushant.Sirsikar\tibco-build\candidates\BPM\CaseDataManager\com.tibco.bpm.cdm.libs.feature.eclipse\2025-01-24-1136.Sushant\jar\debug\features" />
        <mkdir dir="C:\Users\Sushant.Sirsikar\tibco-build\candidates\BPM\CaseDataManager\com.tibco.bpm.cdm.libs.feature.eclipse\2025-01-24-1136.Sushant\jar\debug\plugins" />
        <mkdir dir="C:\Users\Sushant.Sirsikar\tibco-build\candidates\BPM\CaseDataManager\com.tibco.bpm.cdm.libs.feature.eclipse\2025-01-24-1136.Sushant\jar\release\features" />
        <mkdir dir="C:\Users\Sushant.Sirsikar\tibco-build\candidates\BPM\CaseDataManager\com.tibco.bpm.cdm.libs.feature.eclipse\2025-01-24-1136.Sushant\jar\release\plugins" />
    </target>

    <target name="-assemble-features-*_*_*" >
        <ant antfile="build.xml" 
             dir="features\com.tibco.bpm.cdm.libs.feature.eclipse" 
             target="gather.bin.parts" >
            <property location="C:\Users\Sushant.Sirsikar\tibco-build\candidates\BPM\CaseDataManager\com.tibco.bpm.cdm.libs.feature.eclipse\2025-01-24-1136.Sushant\debug" 
                      name="feature.base" />
            <property name="os" 
                      value="*" />
            <property value="*" 
                      name="arch" />
            <property value="*" 
                      name="ws" />
        </ant>
        <zip basedir="C:\Users\Sushant.Sirsikar\tibco-build\candidates\BPM\CaseDataManager\com.tibco.bpm.cdm.libs.feature.eclipse\2025-01-24-1136.Sushant\debug\features\com.tibco.bpm.cdm.libs.feature.eclipse_1.0.0.DEV-test-2025-01-24-1136-Sushant" 
             destfile="C:\Users\Sushant.Sirsikar\tibco-build\candidates\BPM\CaseDataManager\com.tibco.bpm.cdm.libs.feature.eclipse\2025-01-24-1136.Sushant\jar\debug\features\com.tibco.bpm.cdm.libs.feature.eclipse_1.0.0.DEV-test-2025-01-24-1136-Sushant.jar" />
    </target>

    <target unless="express-build" 
            name="-copy-and-zip-feature" >
        <copy todir="C:\Users\Sushant.Sirsikar\tibco-build\candidates\BPM\CaseDataManager\com.tibco.bpm.cdm.libs.feature.eclipse\2025-01-24-1136.Sushant\release\eclipse\features\com.tibco.bpm.cdm.libs.feature.eclipse_1.0.0.DEV-test-2025-01-24-1136-Sushant" >
            <fileset dir="C:\Users\Sushant.Sirsikar\tibco-build\candidates\BPM\CaseDataManager\com.tibco.bpm.cdm.libs.feature.eclipse\2025-01-24-1136.Sushant\debug\features\com.tibco.bpm.cdm.libs.feature.eclipse_1.0.0.DEV-test-2025-01-24-1136-Sushant" />
        </copy>
        <zip destfile="C:\Users\Sushant.Sirsikar\tibco-build\candidates\BPM\CaseDataManager\com.tibco.bpm.cdm.libs.feature.eclipse\2025-01-24-1136.Sushant\jar\release\features\com.tibco.bpm.cdm.libs.feature.eclipse_1.0.0.DEV-test-2025-01-24-1136-Sushant.jar" 
             basedir="C:\Users\Sushant.Sirsikar\tibco-build\candidates\BPM\CaseDataManager\com.tibco.bpm.cdm.libs.feature.eclipse\2025-01-24-1136.Sushant\release\eclipse\features\com.tibco.bpm.cdm.libs.feature.eclipse_1.0.0.DEV-test-2025-01-24-1136-Sushant" />
    </target>

    <target depends="-gather-bin-parts-com.tibco.bpm.cdm.libs.dql-debug-extension,
	-gather-bin-parts-com.tibco.bpm.cdm.libs.dql-debug-update,
	-gather-bin-parts-com.tibco.bpm.cdm.libs.dql-release-update,
	-gather-bin-parts-com.tibco.bpm.cdm.libs.dql-release-extension" 
            name="-gather-bin-parts-com.tibco.bpm.cdm.libs.dql" />

    <target name="-gather-bin-parts-com.tibco.bpm.cdm.libs.dql-debug-extension" >
        <ant antfile="build.xml" 
             dir="plugins\com.tibco.bpm.cdm.libs.dql" 
             target="gather.bin.parts" >
            <property name="destination.temp.folder" 
                      location="C:\Users\Sushant.Sirsikar\tibco-build\candidates\BPM\CaseDataManager\com.tibco.bpm.cdm.libs.feature.eclipse\2025-01-24-1136.Sushant\debug\plugins" />
            <property value="*" 
                      name="os" />
            <property value="*" 
                      name="arch" />
            <property value="*" 
                      name="ws" />
        </ant>
    </target>

    <target name="-gather-bin-parts-com.tibco.bpm.cdm.libs.dql-release-extension" 
            unless="express-build" >
        <copy todir="C:\Users\Sushant.Sirsikar\tibco-build\candidates\BPM\CaseDataManager\com.tibco.bpm.cdm.libs.feature.eclipse\2025-01-24-1136.Sushant\release\eclipse\plugins\com.tibco.bpm.cdm.libs.dql_1.0.0.DEV-test-2025-01-24-1136-Sushant" >
            <fileset dir="C:\Users\Sushant.Sirsikar\tibco-build\candidates\BPM\CaseDataManager\com.tibco.bpm.cdm.libs.feature.eclipse\2025-01-24-1136.Sushant\debug\plugins\com.tibco.bpm.cdm.libs.dql_1.0.0.DEV-test-2025-01-24-1136-Sushant" />
        </copy>
    </target>

    <target name="-gather-bin-parts-com.tibco.bpm.cdm.libs.dql-debug-update" >
        <zip destfile="C:\Users\Sushant.Sirsikar\tibco-build\candidates\BPM\CaseDataManager\com.tibco.bpm.cdm.libs.feature.eclipse\2025-01-24-1136.Sushant\jar\debug\plugins\com.tibco.bpm.cdm.libs.dql_1.0.0.DEV-test-2025-01-24-1136-Sushant.jar" 
             basedir="C:\Users\Sushant.Sirsikar\tibco-build\candidates\BPM\CaseDataManager\com.tibco.bpm.cdm.libs.feature.eclipse\2025-01-24-1136.Sushant\debug\plugins\com.tibco.bpm.cdm.libs.dql_1.0.0.DEV-test-2025-01-24-1136-Sushant" />
    </target>

    <target name="-gather-bin-parts-com.tibco.bpm.cdm.libs.dql-release-update" 
            unless="express-build" >
        <copy file="C:\Users\Sushant.Sirsikar\tibco-build\candidates\BPM\CaseDataManager\com.tibco.bpm.cdm.libs.feature.eclipse\2025-01-24-1136.Sushant\jar\debug\plugins\com.tibco.bpm.cdm.libs.dql_1.0.0.DEV-test-2025-01-24-1136-Sushant.jar" 
              tofile="C:\Users\Sushant.Sirsikar\tibco-build\candidates\BPM\CaseDataManager\com.tibco.bpm.cdm.libs.feature.eclipse\2025-01-24-1136.Sushant\jar\release\plugins\com.tibco.bpm.cdm.libs.dql_1.0.0.DEV-test-2025-01-24-1136-Sushant.jar" />
        <echo level="warning" 
              append="false" 
              message="com.tibco.bpm.cdm.libs.dql_1.0.0.DEV-test-2025-01-24-1136-Sushant IS_NOT_OBFUSCATED" 
              file="C:\Users\Sushant.Sirsikar\tibco-build\candidates\BPM\CaseDataManager\com.tibco.bpm.cdm.libs.feature.eclipse\2025-01-24-1136.Sushant\jar\release\plugins\com.tibco.bpm.cdm.libs.dql_1.0.0.DEV-test-2025-01-24-1136-Sushant.IS_NOT_OBFUSCATED" />
    </target>

    <target name="gather.bin.parts-*_*_*" 
            depends="-gather-bin-parts-com.tibco.bpm.cdm.libs.dql" />

    <target name="assemble-*_*_*" 
            depends="-assemble-features-*_*_*, -copy-and-zip-feature, gather.bin.parts-*_*_*" />

    <target depends="-make-output-directories,
	assemble-*_*_*,
	-copy-feature-to-local-site-release,
	-copy-feature-to-local-site-debug" 
            name="assemble" />

    <target name="clean" >
        <delete file="C:\Code\WBPM\ace\branches\sv2git-migration\CaseDataManager\com.tibco.bpm.cdm.libs.feature\dual-build\assemble.xml" />
        <delete >
            <fileset dir="C:\Code\WBPM\ace\branches\sv2git-migration\CaseDataManager\com.tibco.bpm.cdm.libs.feature\dual-build\plugins\com.tibco.bpm.cdm.libs.dql" 
                     includes="build.xml, **/*.args" />
        </delete>
    </target>

    <target name="-copy-feature-to-local-site-release" 
            unless="express-build" >
        <copy todir="C:\Users\Sushant.Sirsikar\tibco-build\workspaceInstaller\local-builds-site\features" 
              file="C:\Users\Sushant.Sirsikar\tibco-build\candidates\BPM\CaseDataManager\com.tibco.bpm.cdm.libs.feature.eclipse\2025-01-24-1136.Sushant\jar\release\features\com.tibco.bpm.cdm.libs.feature.eclipse_1.0.0.DEV-test-2025-01-24-1136-Sushant.jar" />
        <copy todir="C:\Users\Sushant.Sirsikar\tibco-build\workspaceInstaller\local-builds-site\plugins" 
              file="C:\Users\Sushant.Sirsikar\tibco-build\candidates\BPM\CaseDataManager\com.tibco.bpm.cdm.libs.feature.eclipse\2025-01-24-1136.Sushant\jar\release\plugins\com.tibco.bpm.cdm.libs.dql_1.0.0.DEV-test-2025-01-24-1136-Sushant.jar" />
    </target>

    <target name="-copy-feature-to-local-site-debug" >
        <copy todir="C:\Users\Sushant.Sirsikar\tibco-build\workspaceInstaller\local-builds-site-debug\features" 
              file="C:\Users\Sushant.Sirsikar\tibco-build\candidates\BPM\CaseDataManager\com.tibco.bpm.cdm.libs.feature.eclipse\2025-01-24-1136.Sushant\jar\debug\features\com.tibco.bpm.cdm.libs.feature.eclipse_1.0.0.DEV-test-2025-01-24-1136-Sushant.jar" />
        <copy todir="C:\Users\Sushant.Sirsikar\tibco-build\workspaceInstaller\local-builds-site-debug\plugins" 
              file="C:\Users\Sushant.Sirsikar\tibco-build\candidates\BPM\CaseDataManager\com.tibco.bpm.cdm.libs.feature.eclipse\2025-01-24-1136.Sushant\jar\debug\plugins\com.tibco.bpm.cdm.libs.dql_1.0.0.DEV-test-2025-01-24-1136-Sushant.jar" />
    </target>
</project>
